treatment	TG4	TG4	TG4	TG4	TG4	TG4	TG4	TG4	TG4	TG4	TG4	TG4	TG4	TG4	TG4	TG4	TG4	TG4	TG4	TG4	TG4	TG4
day	14	7	21	35	21	7	7	14	14	35	28	28	28	21	21	28	28	35	21	35	14	35
salmonella	Yes	Yes	Yes	Yes	Yes	Yes	Yes	Yes	Yes	Yes	Yes	Yes	Yes	Yes	Yes	Yes	Yes	Yes	Yes	Yes	Yes	Yes
synbiotic_water	No	No	No	No	No	No	No	No	No	No	No	No	No	No	No	No	No	No	No	No	No	No
synbiotic_feed	No	No	No	No	No	No	No	No	No	No	No	No	No	No	No	No	No	No	No	No	No	No
L-Tyrosine	 4103839.654	 1070405.430	  632785.72	  463288.43	  923467.44	  471502.748	  601438.7	  462266.472	  368581.657	  427363.05	  328951.77	  452328.51	  605079.28	  573342.87	  428142.43	  392844.87	  407624.37	  676358.32	  945328.50	  341450.40	 2938962.84	  519878.36
L-Phenylalanine	26192959.119	 1647480.638	  681458.31	 1332456.80	  968064.80	  955339.135	 1862486.1	  727284.940	  798089.410	 1005837.47	  525748.26	  646761.51	  835750.54	  926076.79	  608551.39	  577127.71	  528435.04	 1883922.10	 1339175.85	  985032.67	21991965.22	 1537512.07
L-Tryptophan	 1367088.022	  732086.452	  584057.22	  603873.95	  899659.13	  731037.558	  946341.8	  470066.763	  485479.098	  518074.66	  483945.58	  827324.78	  824952.99	 1153875.92	  527565.27	  387045.59	  516201.87	  700905.21	  920573.98	  731815.28	 1782147.96	  628647.41
L-Aspartic Acid	 1282400.235	  866244.710	  761322.92	  867933.61	  917199.67	  492425.260	  734443.7	  412218.584	  271420.661	  650725.51	  512413.88	  594169.18	 1095803.72	  481365.62	  420826.77	  598512.78	  466091.03	  948715.73	  807637.13	  535298.50	 1276834.57	  741824.64
L-Arginine	 9197593.050	 5969634.940	 6914113.68	 4382834.94	 9796903.56	 4785876.081	 4670954.2	 4981799.593	 3794594.472	 2557303.21	 3748090.82	 5568490.33	 6794638.72	 5466990.97	 5262362.99	 4310493.01	 4422529.03	 4600717.06	 8146033.45	 3653772.79	 5267436.90	 4291712.39
L-Leucine	 9153347.586	 2266268.966	 2885936.05	 1816502.91	 6273104.11	 1551616.129	 2569711.2	 2032140.936	 2528114.382	 1580513.40	 1389850.48	 2756111.44	 3246289.18	 3101438.29	 1462675.63	 1607938.39	 1641011.40	 2140346.21	 6693634.62	 1456788.21	19261713.27	 2281088.13
L-Glutamic acid	 2582801.393	 2813389.161	 3327704.06	 3664199.00	 3904586.43	 2455868.691	 2655434.2	 3302417.028	 3204194.592	 2463368.86	 3379609.06	 2155364.12	 3141929.61	 3523988.08	 5138376.46	 4782826.71	 3384924.73	 3074488.82	 5177221.60	 3819263.00	 2287696.49	 2172640.03
L-Glutamine	 3690118.884	 2224671.589	 2012631.22	  755739.03	 4836005.50	 3000452.178	 4907294.1	 2854240.377	 2594471.979	  696247.70	 1460965.62	 1289146.97	 4046020.18	 3523615.99	 2368072.04	 2573153.83	 2043721.78	 1061660.22	 4314340.88	  981553.95	 4335321.88	 1756387.70
L-Histidine	  941427.799	  759793.848	 2033926.72	 1448084.79	 2450148.99	  860444.959	 1092978.4	  668741.076	  437285.903	 1024546.61	 2283808.69	 2193651.07	 2479508.61	 3150232.80	 2761240.47	 2460825.34	 2125533.97	 1246193.70	 3033100.41	  907349.42	  929033.71	 1204375.60
L-Lysine	 9535028.138	11376053.950	10733052.21	 7088876.36	12126568.98	 7033395.641	 6815216.3	 7922343.252	 8060503.068	 5577929.68	 7677461.57	 8949321.31	 7515972.15	 9095197.15	 8458496.34	 8324169.07	 7158019.40	 6092256.48	10267686.26	 7711730.72	 7039952.98	 6732488.69
L-Methionine	  827338.529	  161097.585	  233608.55	  211362.29	  105221.19	  262443.285	  289656.4	  368274.507	  307520.610	  333145.83	  256895.95	  166114.10	  260403.00	  433754.94	  226423.38	  191646.84	  255298.67	  269892.58	  415289.65	  124992.97	  658177.66	  340135.40
L-Proline	49080867.759	16511455.147	13406200.24	18779216.81	15675495.97	34379107.795	22301685.7	54527491.894	61419402.289	21395121.08	16461339.42	12486153.11	14837057.02	16521306.22	16690967.87	14571991.69	16908091.40	31480792.26	18817815.94	20871696.91	30786392.04	22783080.03
L-Threonine	 1952140.559	  586347.481	  968291.68	  659203.08	 1706118.80	  807365.540	 1171925.5	  952953.772	 1801088.713	  676859.44	  496543.16	 1144614.97	 1447679.73	 1084855.37	  614121.75	  506802.55	  530872.57	  754280.52	 1399034.79	  625919.88	 1775329.41	  869393.23
Thiamine	 4577377.623	  704475.402	  402106.99	  332742.46	 1018567.31	  437365.306	  713251.3	 1115781.465	  803928.294	  786082.22	  385192.43	  271272.12	 1242454.46	  550048.15	  381920.32	  365657.23	  333257.01	  548102.89	  496498.55	  269355.48	 6342834.24	 1792615.33
Adenine	 2233088.807	  332391.182	 2480441.36	  683493.84	 5370647.25	  823355.060	  577711.3	  681720.090	  910319.615	  271684.63	 1724819.54	 2703428.28	 2230256.01	 2550165.88	 2733761.55	 1618105.01	 1076427.24	  430605.61	 1588447.74	  385804.39	  730935.68	  554299.51
Guanosine	   63772.430	  129476.273	   92843.71	  119798.99	  421423.96	   59848.006	  166498.7	   37921.528	   45702.195	  149424.45	   59145.45	  190459.46	  445689.56	  212910.31	  113314.78	   69720.12	  138158.02	  225340.84	  269646.44	  111738.62	  110032.98	  255607.54
L-Valine	 3598401.433	 2110583.284	 2458323.67	 1465201.33	 5807263.82	 1721459.306	 2780372.3	 1386225.310	 1044243.702	 1954085.76	 2465371.29	 2585711.01	 4046409.02	 3223522.59	 1974765.41	 2939360.26	 1789694.52	 1395437.75	 5263210.59	 1367248.62	17021659.27	 1728882.78
L-Alanine	   39632.845	   18196.969	   20537.47	   21802.12	   56114.61	    8748.643	   33014.4	   11659.332	   21800.260	   18376.36	   19311.33	   34747.95	   66772.66	   50771.00	   17438.42	   19112.73	   34946.62	   28707.32	   37757.92	   23576.99	   66329.34	   28971.87
L-Asparagine	    6911.049	    9066.727	   71441.76	   27768.75	  106991.86	   19845.056	   24799.4	    5413.208	    4382.182	   29595.22	   34686.40	   72925.49	   56256.82	   90921.76	   70015.93	   39923.60	   42407.54	   20806.78	   93846.14	   19195.77	    5957.41	   27343.03
L-Isoleucine	 3290844.171	  367241.443	 1513331.04	 1161458.53	 3447726.04	  550869.280	  911458.4	  315676.850	 1136054.421	 1339489.23	  585042.35	 1215066.45	 1679492.21	 1523312.03	  810229.81	  909073.51	  945042.96	 1497239.19	 4171149.46	  893429.38	 7935726.49	 1392064.81
L-Serine	  765089.544	  245467.260	  103771.96	  254338.84	  354784.60	  120833.614	  448100.0	  173786.726	  196330.989	  399733.47	   70379.44	  222980.32	 1111682.30	  232218.07	   93180.00	  162726.20	  279523.76	  409838.60	  272235.27	  134861.90	  333276.95	  734691.83
Lactic acid	28067327.759	 5099613.228	 1016854.34	 1796054.37	 2029029.44	  389927.793	 5189663.0	  438557.136	16232265.631	 1342252.40	  489505.80	 2039929.39	 7679853.26	 4795649.69	  400639.37	  670142.21	 4052564.61	 1143633.71	 1516561.18	 4611573.66	39600084.62	 1987835.17
Sulfoacetic acid	  623578.713	 1129830.985	 1800073.80	 1321163.84	 1208037.86	  891178.362	 1031925.1	 1149750.474	 1206051.198	 1320217.10	 1309968.66	 1281821.40	 1037838.28	 1377375.65	 1541406.20	 1529706.95	 1687205.60	  964441.33	 1369475.94	 1464550.39	  574518.75	 1034373.79
